{
	"X_o": [
		3.17810750008000,
        7.48558950424000,
        12.1316843033000,
        16.7907257080000,
        21.0159664154000,
        25.9492740631000,
        29.0480709076000,
        32.6119613647000,
        35.9588241577000,
        39.9082717896000,
        42.1978797913000,
        42.6439514160000,
        42.6222114563000,
        42.5240669250000,
        42.1597290039000,
        41.4561500549000,
        40.5325622559000,
        38.5180549622000,
        36.2039756775000,
        32.7586708069000,
        28.4735565186000,
        25.4437217712000,
        22.9642963409000,
        18.7935180664000,
        16.1738128662000,
        13.5638856888000,
        11.8896331787000,
        10.3036079407000,
        6.79945707321000,
        4.32830381393000,
        1.12301874161000,
        -2.7538237571700,
        -4.8145432472200,
        -7.1526875495900,
        -8.1841411590600,
        -7.9077849388100,
        -7.0089120864900,
        -8.4211645126300,
        -10.343802452100,
        -9.2157754898100,
        -6.9203634262100,
        -4.6059727668800,
        -2.3527348041500,
        -0.1658385097980,
        2.04115414619000,
        4.15739202499000,
        8.75176334381000,
        12.9969034195000,
        16.4463691711000,
        19.5894641876000,
        21.4045848846000,
        25.2624359131000,
        26.2041530609000,
        26.1475238800000,
        24.7101478577000,
        21.1220054626000,
        16.8929786682000,
        12.5505523682000,
        8.61410617828000,
        5.12988662720000,
        1.29183077812000,
        -0.9114573597910,
        -3.1927506923700,
        -4.8897614479100,
        -7.3426680564900,
        -9.3245267868000,
        -11.927055358900,
        -13.990721702600,
        -15.855617523200,
        -17.421369552600,
        -18.963479995700,
        -20.869033813500,
        -21.783098220800,
        -22.118432998700,
        -22.378229141200,
        -22.289163589500,
        -21.683494567900,
        -20.839620590200,
        -19.733856201200,
        -18.799781799300,
        -17.489906311000,
        -15.561161041300,
        -13.941559791600,
        -11.831618309000,
        -9.6029310226400,
        -6.3578038215600,
        -3.7963585853600,
        -1.2053545713400,
        3.17810750008000
	],
	"Y_o": [
		-1.93232870102000,
        -1.81353652477000,
        -1.68396937847000,
        -1.63397860527000,
        -1.57767641544000,
        -1.68443393707000,
        -1.72887885571000,
        -1.83696222305000,
        -2.02518367767000,
        -3.04691457748000,
        -5.73115015030000,
        -7.45758581161000,
        -9.84560966492000,
        -11.4708385468000,
        -13.4860305786000,
        -15.1818876266000,
        -16.8797531128000,
        -18.9988632202000,
        -20.4709110260000,
        -21.9738197327000,
        -23.4817924500000,
        -24.1714534760000,
        -24.4952335358000,
        -23.4676418304000,
        -21.4524841309000,
        -18.8669128418000,
        -17.3642730713000,
        -16.0993785858000,
        -13.8660707474000,
        -13.5115633011000,
        -13.7139015198000,
        -14.1658267975000,
        -15.6764669418000,
        -19.0835819244000,
        -23.2163944244000,
        -27.2390251160000,
        -31.0450992584000,
        -34.9212493896000,
        -39.3102645874000,
        -43.8149948120000,
        -47.6307487488000,
        -50.5477561951000,
        -51.8892745972000,
        -52.8908081055000,
        -53.2722854614000,
        -53.3649635315000,
        -53.0574340820000,
        -52.1645202637000,
        -52.5517196655000,
        -54.8799247742000,
        -57.2886390686000,
        -63.3929138184000,
        -65.9767227173000,
        -68.3555679321000,
        -69.9159011841000,
        -70.2595901489000,
        -69.4648895264000,
        -68.4203567505000,
        -67.5245056152000,
        -66.6364212036000,
        -65.5188293457000,
        -64.0004882812000,
        -61.7590522766000,
        -59.9218444824000,
        -57.3790779114000,
        -55.3648567200000,
        -52.5858802795000,
        -50.4050865173000,
        -48.2918853760000,
        -46.3403968811000,
        -44.4720039368000,
        -41.1217308044000,
        -39.5535202026000,
        -36.9808921814000,
        -33.3755264282000,
        -29.8054790497000,
        -25.6726341248000,
        -21.7996044159000,
        -18.0672054291000,
        -14.3690509796000,
        -10.8447647095000,
        -8.86956310272000,
        -7.27876806259000,
        -5.82119607925000,
        -4.78612518311000,
        -3.62784624100000,
        -2.90468358994000,
        -2.43421959877000,
        -1.93232870102000
	],
	"X_i": [
		2.76089644432000,
        7.27864980698000,
        12.0349731445000,
        16.5392436981000,
        21.0335502625000,
        25.8245449066000,
        29.0081462860000,
        32.8539886475000,
        36.0541305542000,
        39.6403274536000,
        41.8411369324000,
        43.7949371338000,
        45.3121299744000,
        46.1553916931000,
        46.4220657349000,
        46.5321502686000,
        46.3761138916000,
        45.8401718140000,
        45.0923805237000,
        43.6631126404000,
        41.3715438843000,
        37.8901481628000,
        34.6198616028000,
        31.2377872467000,
        27.4351100922000,
        24.4867210388000,
        21.9398899078000,
        17.7762260437000,
        14.9727420807000,
        13.4640274048000,
        11.3517541885000,
        9.28481960297000,
        7.48336029053000,
        4.77595758438000,
        1.28759145737000,
        -1.6338890790900,
        -3.1794874668100,
        -3.2737097740200,
        -3.0779802799200,
        -2.7758777141600,
        -3.4180958271000,
        -5.1704211235000,
        -6.5503630638100,
        -5.8644695282000,
        -4.3775758743300,
        -2.1729903221100,
        0.14787301421200,
        4.08864498138000,
        8.05480289459000,
        11.9599332809000,
        14.9592418671000,
        17.6075859070000,
        19.5705165863000,
        22.6065139771000,
        25.3403396606000,
        27.5260028839000,
        29.1637706757000,
        30.1006793976000,
        30.1847019196000,
        29.2832412720000,
        26.9897003174000,
        23.7649536133000,
        19.9833869934000,
        15.7009191513000,
        11.5243768692000,
        7.55422449112000,
        3.99313831329000,
        -0.0668102130294,
        -3.4422705173500,
        -5.4904098510700,
        -7.2459101676900,
        -9.3612260818500,
        -11.545180320700,
        -14.415183067300,
        -16.518671035800,
        -18.579502105700,
        -21.812421798700,
        -24.726701736500,
        -25.750303268400,
        -26.047666549700,
        -25.931560516400,
        -25.726341247600,
        -25.001352310200,
        -24.292245864900,
        -23.305007934600,
        -22.131742477400,
        -20.788522720300,
        -18.463239669800,
        -15.602277755700,
        -13.574502944900,
        -11.514601707500,
        -7.0433979034400,
        -4.1093273162800,
        -1.7667433023500,
        2.76089644432000
	],